target,hmm_score,evalue,length,sequence,uniprot_accession,uniprot_identifier,taxonomy_id,kingdom,phylum,class,order,family,genus,species,description,external_link
EX_CAND_01,277.7,1e-51,115,MFTNPKPQRKTKRNTNRRPDDVKFPGGGQIVGGVLTAAERAGADVVVVSSAGPAGWAAALAAGADVVVVATGATGAAKLAEAGADVVVVNNRGITPAAEAGADVVVVGAPTGAST,EX00001,EXAMPLE_01,900001,Bacteria,Pseudomonadota,Gammaproteobacteria,ExampleOrder1,ExampleFamily1,ExampleGenus1,Synthetic species 1,Synthetic oxidoreductase candidate 1,
EX_CAND_02,270.4,1e-50,119,MSKNPKPQRKTKRNTNRRPQDIKFPGGGQIVGGVLTALERHGADVVVVSSAGPAGLAAAGAAGADVVVVATGATGAAKFAEAGADVVVVNNAGITPAEEAGADVVVVGASTGASTGDST,EX00002,EXAMPLE_02,900002,Bacteria,Bacillota,Bacilli,ExampleOrder2,ExampleFamily2,ExampleGenus2,Synthetic species 2,Synthetic oxidoreductase candidate 2,
EX_CAND_03,263.1,1e-49,117,MSTPPKPQRKTKRNTNRRPQDVKPPGGGQIVGGVLTALERAGAPVVVVSSAGPAGLAAALAAGPDVVVVATGATGAAKLAEAGPDVVVVNNAGITPAAEAGADPVVVGASTGASTGA,EX00003,EXAMPLE_03,900003,Bacteria,Actinomycetota,Actinomycetia,ExampleOrder3,ExampleFamily3,ExampleGenus3,Synthetic species 3,Synthetic oxidoreductase candidate 3,
EX_CAND_04,255.8,1e-48,111,MSTNTKPQRKTKRNTNRRPQDVKFPVGGQIVGGVLTALERAGADVVWVSSAGPAGLAAALAAGADVVYVATGATGAAKLAEAGADVVVANNAGITPAAEAGADVVVVGACT,EX00004,EXAMPLE_04,900004,Bacteria,Bacteroidota,Bacteroidia,ExampleOrder4,ExampleFamily4,ExampleGenus4,Synthetic species 4,Synthetic oxidoreductase candidate 4,
EX_CAND_05,248.5,1e-47,115,MSTNPAPQRKTKRNTNRRPQDVVFPGGGQIVGGVLTALERAGADVVVVSSAGPAGLNAALAAGADVVVVATGAKGAAKLAEAGADVVVVNGAGITPAAEAGADVVVVDASTGAST,EX00005,EXAMPLE_05,900005,Bacteria,Pseudomonadota,Alphaproteobacteria,ExampleOrder5,ExampleFamily5,ExampleGenus5,Synthetic species 5,Synthetic oxidoreductase candidate 5,
EX_CAND_06,241.2,1e-46,113,MSTNPKFQRKTKRNTNRRPQDVKFDGGGQIVGGVLTALERAGADVVVVSSAGPAGLAAALWAGADVVVVATGATGAAKTAEAGADVVVVNNAGITPRAEAGADVVVVGASTGA,EX00006,EXAMPLE_06,900006,Bacteria,Bacillota,Clostridia,ExampleOrder6,ExampleFamily6,ExampleGenus6,Synthetic species 6,Synthetic oxidoreductase candidate 6,
EX_CAND_07,233.9,1e-45,123,MSTNPKPKRKTKRNTNRRPQDVKFPGIGQIVGGVLTALERAGADVHVVSSAGPAGLAAALAAGAGVVVVATGATGAAKLAEAGFDVVVVNNAGITPAAEAGAEVVVVGASTGASTGASTGADT,EX00007,EXAMPLE_07,900007,Bacteria,Actinomycetota,Actinomycetia,ExampleOrder7,ExampleFamily7,ExampleGenus7,Synthetic species 7,Synthetic oxidoreductase candidate 7,
EX_CAND_08,226.6,1e-44,111,MSTNPKPQPKTKRNTNRRPQDVKFPGGGPIVGGVLTALERAGADVVVVPSAGPAGLAAALAAGADVVVPATGATGAAKLAEAGADVVVPNNAGITPAAEAGADVVVVGPST,EX00008,EXAMPLE_08,900008,Bacteria,Bacteroidota,Bacteroidia,ExampleOrder8,ExampleFamily8,ExampleGenus8,Synthetic species 8,Synthetic oxidoreductase candidate 8,
EX_CAND_09,219.3,1e-43,109,MSTNPKPQRTTKRNTNRRPQDVKFPGGGQIVGGVLTALERAGADVVVVSSAWPAGLAAALAAGADVVVVATGYTGAAKLAEAGADVVVVNNAGATPAAEAGADVVVVGA,EX00009,EXAMPLE_09,900009,Archaea,Euryarchaeota,Methanobacteria,ExampleOrder9,ExampleFamily9,ExampleGenus9,Synthetic species 9,Synthetic oxidoreductase candidate 9,
EX_CAND_10,212.0,1e-42,119,MSTNPKPQRKAKRNTNRRPQDVKFPGGVQIVGGVLTALERAGADRVVVSSAGPAGLAAALANGADVVVVATGATGAAKKAEAGADVVVVNNAGITGAAEAGADVVVVGASTGDSTGAST,EX00010,EXAMPLE_10,900010,Archaea,Thermoproteota,Thermoprotei,ExampleOrder10,ExampleFamily10,ExampleGenus10,Synthetic species 10,Synthetic oxidoreductase candidate 10,
EX_CAND_11,204.7,1e-41,123,MSTNPKPQRKTFRNTNRRPQDVKFPGGGQDVGGVLTALERAGADVVVASSAGPAGLAAALAAGADWVVVATGATGAAKLAEAGTDVVVVNNAGITPAAEAGRDVVVVGASTGASTGASTPAST,EX00011,EXAMPLE_11,900011,Eukaryota,Ascomycota,Eurotiomycetes,ExampleOrder11,ExampleFamily11,ExampleGenus11,Synthetic species 11,Synthetic oxidoreductase candidate 11,
EX_CAND_12,197.4,1e-40,105,MSTNPKPQRKTKKNTNRRPQDVKFPGGGQIVIGVLTALERAGADVVVVSSHGPAGLAAALAAGADVVVVGTGATGAAKLAEAGADVVVFNNAGITPAAEAGADVV,EX00012,EXAMPLE_12,900012,Eukaryota,Basidiomycota,Agaricomycetes,ExampleOrder12,ExampleFamily12,ExampleGenus12,Synthetic species 12,Synthetic oxidoreductase candidate 12,
